{"initial_reset_timestamp": 1648992400.7665153, "timestamps": [1648992404.1622791, 1648992407.5447996, 1648992407.5937684, 1648992407.626236, 1648992407.6522374, 1648992407.676101, 1648992407.7005584, 1648992407.719718, 1648992411.088127, 1648992411.1279488, 1648992411.151456, 1648992411.1757371, 1648992411.2047024, 1648992411.227951, 1648992411.2556436, 1648992411.2791963, 1648992411.3026655, 1648992411.3260937, 1648992411.3467255, 1648992411.3623106, 1648992411.3858368, 1648992411.4091976, 1648992411.4322672, 1648992411.4558482, 1648992411.479108, 1648992411.502642, 1648992411.5261137, 1648992414.876197, 1648992414.923743, 1648992414.9478664, 1648992414.9717627, 1648992414.995907, 1648992415.0198584, 1648992415.0438082, 1648992415.0680442, 1648992415.0924754, 1648992415.1164846, 1648992415.140957, 1648992415.1631575, 1648992415.1850548, 1648992415.206905, 1648992415.2285976, 1648992415.2506394, 1648992415.2620032, 1648992415.2845504, 1648992415.306244, 1648992415.3278866, 1648992415.3496795, 1648992415.3713274, 1648992415.3931303, 1648992415.4153297, 1648992415.4382913, 1648992415.4599578, 1648992415.4821854, 1648992415.5038643, 1648992415.5254767, 1648992415.5471392, 1648992415.5686407, 1648992415.5901027, 1648992415.6116452, 1648992415.6333904, 1648992415.654935, 1648992415.6765382, 1648992415.6835825, 1648992418.9918773, 1648992419.0472643, 1648992419.0689418, 1648992419.0904047, 1648992419.111868, 1648992419.1344686, 1648992419.157692, 1648992419.1792445, 1648992419.2006457, 1648992419.2050574, 1648992419.2270868, 1648992419.249957, 1648992419.2730052, 1648992419.295362, 1648992419.3182411, 1648992419.3302965, 1648992419.352404, 1648992419.3737633, 1648992419.395351, 1648992419.41678, 1648992419.4405417, 1648992419.4644153, 1648992419.4867535, 1648992419.5110834, 1648992419.5334346, 1648992419.5549328, 1648992419.5727518, 1648992419.5945983, 1648992419.6175976, 1648992419.6404843, 1648992419.6629517, 1648992419.6861591, 1648992419.7085607, 1648992419.72995, 1648992419.7512999, 1648992419.7727845], "episode_lengths": [200, 200, 200, 196, 200, 200, 200, 148, 200, 200, 200, 200, 200, 200, 200, 200, 200, 200, 180, 134, 200, 200, 200, 200, 200, 200, 200, 200, 200, 200, 200, 200, 200, 200, 200, 200, 200, 200, 200, 200, 200, 200, 200, 105, 200, 200, 200, 200, 200, 200, 200, 200, 200, 200, 200, 200, 200, 200, 200, 200, 200, 200, 200, 64, 200, 200, 200, 200, 200, 200, 200, 200, 200, 41, 200, 200, 200, 200, 200, 98, 200, 200, 200, 200, 200, 200, 200, 200, 200, 200, 167, 200, 200, 200, 200, 200, 200, 200, 200, 200], "episode_rewards": [200.0, 200.0, 200.0, 196.0, 200.0, 200.0, 200.0, 148.0, 200.0, 200.0, 200.0, 200.0, 200.0, 200.0, 200.0, 200.0, 200.0, 200.0, 180.0, 134.0, 200.0, 200.0, 200.0, 200.0, 200.0, 200.0, 200.0, 200.0, 200.0, 200.0, 200.0, 200.0, 200.0, 200.0, 200.0, 200.0, 200.0, 200.0, 200.0, 200.0, 200.0, 200.0, 200.0, 105.0, 200.0, 200.0, 200.0, 200.0, 200.0, 200.0, 200.0, 200.0, 200.0, 200.0, 200.0, 200.0, 200.0, 200.0, 200.0, 200.0, 200.0, 200.0, 200.0, 64.0, 200.0, 200.0, 200.0, 200.0, 200.0, 200.0, 200.0, 200.0, 200.0, 41.0, 200.0, 200.0, 200.0, 200.0, 200.0, 98.0, 200.0, 200.0, 200.0, 200.0, 200.0, 200.0, 200.0, 200.0, 200.0, 200.0, 167.0, 200.0, 200.0, 200.0, 200.0, 200.0, 200.0, 200.0, 200.0, 200.0], "episode_types": ["t", "t", "t", "t", "t", "t", "t", "t", "t", "t", "t", "t", "t", "t", "t", "t", "t", "t", "t", "t", "t", "t", "t", "t", "t", "t", "t", "t", "t", "t", "t", "t", "t", "t", "t", "t", "t", "t", "t", "t", "t", "t", "t", "t", "t", "t", "t", "t", "t", "t", "t", "t", "t", "t", "t", "t", "t", "t", "t", "t", "t", "t", "t", "t", "t", "t", "t", "t", "t", "t", "t", "t", "t", "t", "t", "t", "t", "t", "t", "t", "t", "t", "t", "t", "t", "t", "t", "t", "t", "t", "t", "t", "t", "t", "t", "t", "t", "t", "t", "t"]}