{"initial_reset_timestamp": 1648038889.1920998, "timestamps": [1648038895.2181988, 1648038898.5986922, 1648038898.6373935, 1648038898.655282, 1648038898.6729355, 1648038898.6905854, 1648038898.7082913, 1648038898.725891, 1648038902.0806458, 1648038902.1204543, 1648038902.1383204, 1648038902.156756, 1648038902.174936, 1648038902.1927533, 1648038902.21072, 1648038902.2285454, 1648038902.2462196, 1648038902.2644029, 1648038902.28237, 1648038902.3000846, 1648038902.3179166, 1648038902.335806, 1648038902.3537865, 1648038902.3749547, 1648038902.3926542, 1648038902.4105828, 1648038902.4284213, 1648038905.7957985, 1648038905.836517, 1648038905.8544016, 1648038905.8720765, 1648038905.8900385, 1648038905.9082444, 1648038905.9261253, 1648038905.9439328, 1648038905.962075, 1648038905.980155, 1648038905.998587, 1648038906.0165071, 1648038906.0343409, 1648038906.05238, 1648038906.0707793, 1648038906.0888453, 1648038906.107402, 1648038906.1261766, 1648038906.1445277, 1648038906.1630905, 1648038906.181267, 1648038906.1994734, 1648038906.2279754, 1648038906.2471912, 1648038906.2653089, 1648038906.2838295, 1648038906.3023465, 1648038906.320918, 1648038906.3399475, 1648038906.358905, 1648038906.3778358, 1648038906.396619, 1648038906.419265, 1648038906.4371712, 1648038906.4551415, 1648038906.4733057, 1648038906.491423, 1648038909.845786, 1648038909.8845959, 1648038909.9029217, 1648038909.9212272, 1648038909.9393837, 1648038909.9575312, 1648038909.975697, 1648038909.9938314, 1648038910.0117776, 1648038910.0297606, 1648038910.0478835, 1648038910.0659673, 1648038910.084745, 1648038910.102878, 1648038910.1209157, 1648038910.1390407, 1648038910.1570666, 1648038910.1753325, 1648038910.193431, 1648038910.2115853, 1648038910.2295537, 1648038910.2478924, 1648038910.2676454, 1648038910.2857604, 1648038910.3037896, 1648038910.3220232, 1648038910.340588, 1648038910.358731, 1648038910.3768427, 1648038910.3951106, 1648038910.4131691, 1648038910.4339356, 1648038910.4520023, 1648038910.4701436, 1648038910.4883695, 1648038910.5063684], "episode_lengths": [200, 200, 200, 200, 200, 200, 200, 200, 200, 200, 200, 200, 200, 200, 200, 200, 200, 200, 200, 200, 200, 200, 200, 200, 200, 200, 200, 200, 200, 200, 200, 200, 200, 200, 200, 200, 200, 200, 200, 200, 200, 200, 200, 200, 200, 200, 200, 200, 200, 200, 200, 200, 200, 200, 200, 200, 200, 200, 200, 200, 200, 200, 200, 200, 200, 200, 200, 200, 200, 200, 200, 200, 200, 200, 200, 200, 200, 200, 200, 200, 200, 200, 200, 200, 200, 200, 200, 200, 200, 200, 200, 200, 200, 200, 200, 200, 200, 200, 200, 200], "episode_rewards": [200.0, 200.0, 200.0, 200.0, 200.0, 200.0, 200.0, 200.0, 200.0, 200.0, 200.0, 200.0, 200.0, 200.0, 200.0, 200.0, 200.0, 200.0, 200.0, 200.0, 200.0, 200.0, 200.0, 200.0, 200.0, 200.0, 200.0, 200.0, 200.0, 200.0, 200.0, 200.0, 200.0, 200.0, 200.0, 200.0, 200.0, 200.0, 200.0, 200.0, 200.0, 200.0, 200.0, 200.0, 200.0, 200.0, 200.0, 200.0, 200.0, 200.0, 200.0, 200.0, 200.0, 200.0, 200.0, 200.0, 200.0, 200.0, 200.0, 200.0, 200.0, 200.0, 200.0, 200.0, 200.0, 200.0, 200.0, 200.0, 200.0, 200.0, 200.0, 200.0, 200.0, 200.0, 200.0, 200.0, 200.0, 200.0, 200.0, 200.0, 200.0, 200.0, 200.0, 200.0, 200.0, 200.0, 200.0, 200.0, 200.0, 200.0, 200.0, 200.0, 200.0, 200.0, 200.0, 200.0, 200.0, 200.0, 200.0, 200.0], "episode_types": ["t", "t", "t", "t", "t", "t", "t", "t", "t", "t", "t", "t", "t", "t", "t", "t", "t", "t", "t", "t", "t", "t", "t", "t", "t", "t", "t", "t", "t", "t", "t", "t", "t", "t", "t", "t", "t", "t", "t", "t", "t", "t", "t", "t", "t", "t", "t", "t", "t", "t", "t", "t", "t", "t", "t", "t", "t", "t", "t", "t", "t", "t", "t", "t", "t", "t", "t", "t", "t", "t", "t", "t", "t", "t", "t", "t", "t", "t", "t", "t", "t", "t", "t", "t", "t", "t", "t", "t", "t", "t", "t", "t", "t", "t", "t", "t", "t", "t", "t", "t"]}